message_id,image_path,detected_object_class,confidence_score
18137,data/raw/telegram_images\2025-06-18\lobelia4cosmetics\18137.jpg,bottle,0.8742706775665283
18139,data/raw/telegram_images\2025-06-18\lobelia4cosmetics\18139.jpg,bottle,0.8197527527809143
18142,data/raw/telegram_images\2025-06-18\lobelia4cosmetics\18142.jpg,clock,0.4078066349029541
18142,data/raw/telegram_images\2025-06-18\lobelia4cosmetics\18142.jpg,carrot,0.33904045820236206
18142,data/raw/telegram_images\2025-06-18\lobelia4cosmetics\18142.jpg,bowl,0.2545960247516632
18145,data/raw/telegram_images\2025-06-18\lobelia4cosmetics\18145.jpg,bottle,0.6888154149055481
18146,data/raw/telegram_images\2025-06-18\lobelia4cosmetics\18146.jpg,scissors,0.5893474817276001
18146,data/raw/telegram_images\2025-06-18\lobelia4cosmetics\18146.jpg,clock,0.2823435366153717
18147,data/raw/telegram_images\2025-06-18\lobelia4cosmetics\18147.jpg,bottle,0.7860787510871887
18147,data/raw/telegram_images\2025-06-18\lobelia4cosmetics\18147.jpg,vase,0.4042917490005493
18151,data/raw/telegram_images\2025-06-18\lobelia4cosmetics\18151.jpg,bottle,0.8651437163352966
18152,data/raw/telegram_images\2025-06-18\lobelia4cosmetics\18152.jpg,bottle,0.5791776776313782
18153,data/raw/telegram_images\2025-06-18\lobelia4cosmetics\18153.jpg,bottle,0.2876709997653961
18155,data/raw/telegram_images\2025-06-18\lobelia4cosmetics\18155.jpg,cup,0.5256255269050598
18157,data/raw/telegram_images\2025-06-18\lobelia4cosmetics\18157.jpg,person,0.37591513991355896
18158,data/raw/telegram_images\2025-06-18\lobelia4cosmetics\18158.jpg,clock,0.3116428554058075
18164,data/raw/telegram_images\2025-06-18\lobelia4cosmetics\18164.jpg,refrigerator,0.5177779793739319
50624,data/raw/telegram_images\2025-06-18\PharmacyHubEthiopia\50624.jpg,cell phone,0.39026394486427307
50624,data/raw/telegram_images\2025-06-18\PharmacyHubEthiopia\50624.jpg,book,0.28900933265686035
50625,data/raw/telegram_images\2025-06-18\PharmacyHubEthiopia\50625.jpg,bottle,0.28947755694389343
50626,data/raw/telegram_images\2025-06-18\PharmacyHubEthiopia\50626.jpg,laptop,0.78020840883255
170724,data/raw/telegram_images\2025-06-18\tikvahpharma\170724.jpg,person,0.8081045746803284
170724,data/raw/telegram_images\2025-06-18\tikvahpharma\170724.jpg,person,0.7948136329650879
170724,data/raw/telegram_images\2025-06-18\tikvahpharma\170724.jpg,person,0.7871020436286926
170724,data/raw/telegram_images\2025-06-18\tikvahpharma\170724.jpg,person,0.7809669375419617
170724,data/raw/telegram_images\2025-06-18\tikvahpharma\170724.jpg,person,0.7774486541748047
170724,data/raw/telegram_images\2025-06-18\tikvahpharma\170724.jpg,person,0.7565856575965881
170724,data/raw/telegram_images\2025-06-18\tikvahpharma\170724.jpg,person,0.7541157007217407
170724,data/raw/telegram_images\2025-06-18\tikvahpharma\170724.jpg,person,0.7462641000747681
170724,data/raw/telegram_images\2025-06-18\tikvahpharma\170724.jpg,person,0.7301431894302368
170724,data/raw/telegram_images\2025-06-18\tikvahpharma\170724.jpg,person,0.6936603784561157
170724,data/raw/telegram_images\2025-06-18\tikvahpharma\170724.jpg,person,0.6688035726547241
170724,data/raw/telegram_images\2025-06-18\tikvahpharma\170724.jpg,person,0.6465169191360474
170724,data/raw/telegram_images\2025-06-18\tikvahpharma\170724.jpg,person,0.5558987855911255
170724,data/raw/telegram_images\2025-06-18\tikvahpharma\170724.jpg,person,0.4917038381099701
170724,data/raw/telegram_images\2025-06-18\tikvahpharma\170724.jpg,person,0.44639450311660767
170724,data/raw/telegram_images\2025-06-18\tikvahpharma\170724.jpg,tv,0.27474257349967957
170736,data/raw/telegram_images\2025-06-18\tikvahpharma\170736.jpg,tv,0.8231649398803711
170736,data/raw/telegram_images\2025-06-18\tikvahpharma\170736.jpg,cell phone,0.257334440946579
170738,data/raw/telegram_images\2025-06-18\tikvahpharma\170738.jpg,cell phone,0.5574536919593811
170768,data/raw/telegram_images\2025-06-18\tikvahpharma\170768.jpg,person,0.5884544253349304
170768,data/raw/telegram_images\2025-06-18\tikvahpharma\170768.jpg,person,0.335090696811676
170768,data/raw/telegram_images\2025-06-18\tikvahpharma\170768.jpg,toothbrush,0.25989049673080444
18168,data/raw/telegram_images\2025-06-19\lobelia4cosmetics\18168.jpg,bottle,0.46266961097717285
18169,data/raw/telegram_images\2025-06-19\lobelia4cosmetics\18169.jpg,bottle,0.6699378490447998
18171,data/raw/telegram_images\2025-06-19\lobelia4cosmetics\18171.jpg,clock,0.3572637140750885
18173,data/raw/telegram_images\2025-06-19\lobelia4cosmetics\18173.jpg,book,0.28477442264556885
18173,data/raw/telegram_images\2025-06-19\lobelia4cosmetics\18173.jpg,bowl,0.26642441749572754
18176,data/raw/telegram_images\2025-06-19\lobelia4cosmetics\18176.jpg,parking meter,0.41895073652267456
18179,data/raw/telegram_images\2025-06-19\lobelia4cosmetics\18179.jpg,stop sign,0.3494736850261688
18182,data/raw/telegram_images\2025-06-19\lobelia4cosmetics\18182.jpg,cup,0.5092424750328064
18182,data/raw/telegram_images\2025-06-19\lobelia4cosmetics\18182.jpg,book,0.3636929392814636
18182,data/raw/telegram_images\2025-06-19\lobelia4cosmetics\18182.jpg,spoon,0.36313408613204956
18182,data/raw/telegram_images\2025-06-19\lobelia4cosmetics\18182.jpg,bowl,0.3002767562866211
18182,data/raw/telegram_images\2025-06-19\lobelia4cosmetics\18182.jpg,person,0.2612375319004059
18182,data/raw/telegram_images\2025-06-19\lobelia4cosmetics\18182.jpg,spoon,0.2578367590904236
18183,data/raw/telegram_images\2025-06-19\lobelia4cosmetics\18183.jpg,scissors,0.33765044808387756
18183,data/raw/telegram_images\2025-06-19\lobelia4cosmetics\18183.jpg,remote,0.31677380204200745
18185,data/raw/telegram_images\2025-06-19\lobelia4cosmetics\18185.jpg,book,0.5679144859313965
170847,data/raw/telegram_images\2025-06-19\tikvahpharma\170847.jpg,cell phone,0.5368477702140808
170848,data/raw/telegram_images\2025-06-19\tikvahpharma\170848.jpg,tv,0.828683078289032
170857,data/raw/telegram_images\2025-06-19\tikvahpharma\170857.jpg,cell phone,0.38234034180641174
170857,data/raw/telegram_images\2025-06-19\tikvahpharma\170857.jpg,mouse,0.37481892108917236
170857,data/raw/telegram_images\2025-06-19\tikvahpharma\170857.jpg,remote,0.296037882566452
18191,data/raw/telegram_images\2025-06-20\lobelia4cosmetics\18191.jpg,bottle,0.4572093188762665
18193,data/raw/telegram_images\2025-06-20\lobelia4cosmetics\18193.jpg,orange,0.4311252236366272
18193,data/raw/telegram_images\2025-06-20\lobelia4cosmetics\18193.jpg,book,0.4252507984638214
18194,data/raw/telegram_images\2025-06-20\lobelia4cosmetics\18194.jpg,bottle,0.6564269065856934
18196,data/raw/telegram_images\2025-06-20\lobelia4cosmetics\18196.jpg,bottle,0.6318315267562866
18197,data/raw/telegram_images\2025-06-20\lobelia4cosmetics\18197.jpg,bottle,0.4751107096672058
18199,data/raw/telegram_images\2025-06-20\lobelia4cosmetics\18199.jpg,bottle,0.8049420118331909
18201,data/raw/telegram_images\2025-06-20\lobelia4cosmetics\18201.jpg,bottle,0.49740052223205566
18206,data/raw/telegram_images\2025-06-20\lobelia4cosmetics\18206.jpg,vase,0.9256118535995483
18207,data/raw/telegram_images\2025-06-20\lobelia4cosmetics\18207.jpg,vase,0.7198749780654907
18207,data/raw/telegram_images\2025-06-20\lobelia4cosmetics\18207.jpg,refrigerator,0.31529372930526733
18208,data/raw/telegram_images\2025-06-20\lobelia4cosmetics\18208.jpg,bottle,0.7747960090637207
18211,data/raw/telegram_images\2025-06-20\lobelia4cosmetics\18211.jpg,bottle,0.6214755177497864
170967,data/raw/telegram_images\2025-06-20\tikvahpharma\170967.jpg,chair,0.36936452984809875
170967,data/raw/telegram_images\2025-06-20\tikvahpharma\170967.jpg,chair,0.3544020354747772
170967,data/raw/telegram_images\2025-06-20\tikvahpharma\170967.jpg,oven,0.34576016664505005
170967,data/raw/telegram_images\2025-06-20\tikvahpharma\170967.jpg,skateboard,0.30814650654792786
170977,data/raw/telegram_images\2025-06-20\tikvahpharma\170977.jpg,bottle,0.5664935111999512
170977,data/raw/telegram_images\2025-06-20\tikvahpharma\170977.jpg,bottle,0.4417750835418701
170977,data/raw/telegram_images\2025-06-20\tikvahpharma\170977.jpg,cup,0.29263755679130554
171010,data/raw/telegram_images\2025-06-21\tikvahpharma\171010.jpg,parking meter,0.3097923696041107
171010,data/raw/telegram_images\2025-06-21\tikvahpharma\171010.jpg,cell phone,0.2856288552284241
171011,data/raw/telegram_images\2025-06-21\tikvahpharma\171011.jpg,microwave,0.6965676546096802
171011,data/raw/telegram_images\2025-06-21\tikvahpharma\171011.jpg,cell phone,0.5153824090957642
171011,data/raw/telegram_images\2025-06-21\tikvahpharma\171011.jpg,tv,0.399267315864563
171049,data/raw/telegram_images\2025-06-21\tikvahpharma\171049.jpg,person,0.8428245186805725
171049,data/raw/telegram_images\2025-06-21\tikvahpharma\171049.jpg,person,0.8080554604530334
171049,data/raw/telegram_images\2025-06-21\tikvahpharma\171049.jpg,person,0.8000403046607971
171049,data/raw/telegram_images\2025-06-21\tikvahpharma\171049.jpg,person,0.7597501277923584
171049,data/raw/telegram_images\2025-06-21\tikvahpharma\171049.jpg,person,0.7031312584877014
171049,data/raw/telegram_images\2025-06-21\tikvahpharma\171049.jpg,person,0.6862117052078247
171049,data/raw/telegram_images\2025-06-21\tikvahpharma\171049.jpg,person,0.6840943694114685
171049,data/raw/telegram_images\2025-06-21\tikvahpharma\171049.jpg,person,0.6752966046333313
171049,data/raw/telegram_images\2025-06-21\tikvahpharma\171049.jpg,tv,0.6095934510231018
171049,data/raw/telegram_images\2025-06-21\tikvahpharma\171049.jpg,person,0.529999315738678
171049,data/raw/telegram_images\2025-06-21\tikvahpharma\171049.jpg,person,0.4829259514808655
171049,data/raw/telegram_images\2025-06-21\tikvahpharma\171049.jpg,person,0.4330318570137024
171049,data/raw/telegram_images\2025-06-21\tikvahpharma\171049.jpg,person,0.39610496163368225
171049,data/raw/telegram_images\2025-06-21\tikvahpharma\171049.jpg,person,0.3712385892868042
171049,data/raw/telegram_images\2025-06-21\tikvahpharma\171049.jpg,person,0.3368573486804962
171049,data/raw/telegram_images\2025-06-21\tikvahpharma\171049.jpg,person,0.31662464141845703
171049,data/raw/telegram_images\2025-06-21\tikvahpharma\171049.jpg,person,0.30755338072776794
171049,data/raw/telegram_images\2025-06-21\tikvahpharma\171049.jpg,person,0.3011355996131897
171049,data/raw/telegram_images\2025-06-21\tikvahpharma\171049.jpg,tie,0.27374330163002014
171049,data/raw/telegram_images\2025-06-21\tikvahpharma\171049.jpg,person,0.27321282029151917
171113,data/raw/telegram_images\2025-06-22\tikvahpharma\171113.jpg,person,0.48704302310943604
18232,data/raw/telegram_images\2025-06-23\lobelia4cosmetics\18232.jpg,cup,0.39085131883621216
18239,data/raw/telegram_images\2025-06-23\lobelia4cosmetics\18239.jpg,bottle,0.7078443765640259
171136,data/raw/telegram_images\2025-06-23\tikvahpharma\171136.jpg,tv,0.8231649398803711
171136,data/raw/telegram_images\2025-06-23\tikvahpharma\171136.jpg,cell phone,0.257334440946579
171138,data/raw/telegram_images\2025-06-23\tikvahpharma\171138.jpg,bottle,0.6057816743850708
171138,data/raw/telegram_images\2025-06-23\tikvahpharma\171138.jpg,tv,0.4254629611968994
171138,data/raw/telegram_images\2025-06-23\tikvahpharma\171138.jpg,bottle,0.29810619354248047
171173,data/raw/telegram_images\2025-06-23\tikvahpharma\171173.jpg,airplane,0.38502904772758484
171193,data/raw/telegram_images\2025-06-23\tikvahpharma\171193.jpg,bottle,0.9257988929748535
171193,data/raw/telegram_images\2025-06-23\tikvahpharma\171193.jpg,bottle,0.8916673064231873
171193,data/raw/telegram_images\2025-06-23\tikvahpharma\171193.jpg,bottle,0.8866296410560608
171193,data/raw/telegram_images\2025-06-23\tikvahpharma\171193.jpg,bottle,0.8827782273292542
171193,data/raw/telegram_images\2025-06-23\tikvahpharma\171193.jpg,bottle,0.8813355565071106
171193,data/raw/telegram_images\2025-06-23\tikvahpharma\171193.jpg,bottle,0.8201895356178284
171193,data/raw/telegram_images\2025-06-23\tikvahpharma\171193.jpg,bottle,0.8078837990760803
171193,data/raw/telegram_images\2025-06-23\tikvahpharma\171193.jpg,bottle,0.7654637098312378
171193,data/raw/telegram_images\2025-06-23\tikvahpharma\171193.jpg,bottle,0.6999487280845642
171193,data/raw/telegram_images\2025-06-23\tikvahpharma\171193.jpg,bottle,0.5975106954574585
171193,data/raw/telegram_images\2025-06-23\tikvahpharma\171193.jpg,vase,0.4166693687438965
18249,data/raw/telegram_images\2025-06-24\lobelia4cosmetics\18249.jpg,bottle,0.3064354658126831
18249,data/raw/telegram_images\2025-06-24\lobelia4cosmetics\18249.jpg,book,0.26738953590393066
18255,data/raw/telegram_images\2025-06-24\lobelia4cosmetics\18255.jpg,cup,0.5137895941734314
18255,data/raw/telegram_images\2025-06-24\lobelia4cosmetics\18255.jpg,donut,0.2805691957473755
18259,data/raw/telegram_images\2025-06-24\lobelia4cosmetics\18259.jpg,toothbrush,0.5913058519363403
18259,data/raw/telegram_images\2025-06-24\lobelia4cosmetics\18259.jpg,toothbrush,0.47699815034866333
18259,data/raw/telegram_images\2025-06-24\lobelia4cosmetics\18259.jpg,toothbrush,0.3156422972679138
171265,data/raw/telegram_images\2025-06-24\tikvahpharma\171265.jpg,cell phone,0.5374600291252136
171282,data/raw/telegram_images\2025-06-24\tikvahpharma\171282.jpg,bottle,0.9681564569473267
171282,data/raw/telegram_images\2025-06-24\tikvahpharma\171282.jpg,bottle,0.9119041562080383
171282,data/raw/telegram_images\2025-06-24\tikvahpharma\171282.jpg,bottle,0.894936740398407
171282,data/raw/telegram_images\2025-06-24\tikvahpharma\171282.jpg,bottle,0.8777027726173401
171282,data/raw/telegram_images\2025-06-24\tikvahpharma\171282.jpg,bottle,0.8402061462402344
171282,data/raw/telegram_images\2025-06-24\tikvahpharma\171282.jpg,bottle,0.8391118049621582
171282,data/raw/telegram_images\2025-06-24\tikvahpharma\171282.jpg,refrigerator,0.7787736058235168
171282,data/raw/telegram_images\2025-06-24\tikvahpharma\171282.jpg,bottle,0.7487467527389526
171282,data/raw/telegram_images\2025-06-24\tikvahpharma\171282.jpg,refrigerator,0.34841668605804443
171319,data/raw/telegram_images\2025-06-24\tikvahpharma\171319.jpg,bottle,0.8505218029022217
171319,data/raw/telegram_images\2025-06-24\tikvahpharma\171319.jpg,person,0.8314197659492493
171319,data/raw/telegram_images\2025-06-24\tikvahpharma\171319.jpg,person,0.8144717812538147
171319,data/raw/telegram_images\2025-06-24\tikvahpharma\171319.jpg,bottle,0.7632094025611877
171319,data/raw/telegram_images\2025-06-24\tikvahpharma\171319.jpg,bottle,0.7580558657646179
171319,data/raw/telegram_images\2025-06-24\tikvahpharma\171319.jpg,person,0.7047354578971863
171319,data/raw/telegram_images\2025-06-24\tikvahpharma\171319.jpg,person,0.6787837743759155
171319,data/raw/telegram_images\2025-06-24\tikvahpharma\171319.jpg,bottle,0.581831157207489
171319,data/raw/telegram_images\2025-06-24\tikvahpharma\171319.jpg,chair,0.5779000520706177
171319,data/raw/telegram_images\2025-06-24\tikvahpharma\171319.jpg,person,0.48545387387275696
171319,data/raw/telegram_images\2025-06-24\tikvahpharma\171319.jpg,laptop,0.44575196504592896
171319,data/raw/telegram_images\2025-06-24\tikvahpharma\171319.jpg,cell phone,0.4305245876312256
171319,data/raw/telegram_images\2025-06-24\tikvahpharma\171319.jpg,chair,0.4186016619205475
171319,data/raw/telegram_images\2025-06-24\tikvahpharma\171319.jpg,chair,0.4028379023075104
171319,data/raw/telegram_images\2025-06-24\tikvahpharma\171319.jpg,person,0.3854975998401642
171319,data/raw/telegram_images\2025-06-24\tikvahpharma\171319.jpg,chair,0.35568076372146606
171319,data/raw/telegram_images\2025-06-24\tikvahpharma\171319.jpg,chair,0.2907284200191498
171319,data/raw/telegram_images\2025-06-24\tikvahpharma\171319.jpg,dining table,0.2763341963291168
171319,data/raw/telegram_images\2025-06-24\tikvahpharma\171319.jpg,chair,0.2754335105419159
171319,data/raw/telegram_images\2025-06-24\tikvahpharma\171319.jpg,chair,0.2749212086200714
171319,data/raw/telegram_images\2025-06-24\tikvahpharma\171319.jpg,bottle,0.2603079676628113
171319,data/raw/telegram_images\2025-06-24\tikvahpharma\171319.jpg,chair,0.2517380714416504
171325,data/raw/telegram_images\2025-06-24\tikvahpharma\171325.jpg,boat,0.8216089010238647
171371,data/raw/telegram_images\2025-06-25\tikvahpharma\171371.jpg,cell phone,0.5574536919593811
171375,data/raw/telegram_images\2025-06-25\tikvahpharma\171375.jpg,chair,0.39291492104530334
171375,data/raw/telegram_images\2025-06-25\tikvahpharma\171375.jpg,bottle,0.387952595949173
171375,data/raw/telegram_images\2025-06-25\tikvahpharma\171375.jpg,bottle,0.37831979990005493
171375,data/raw/telegram_images\2025-06-25\tikvahpharma\171375.jpg,bottle,0.3717114329338074
171375,data/raw/telegram_images\2025-06-25\tikvahpharma\171375.jpg,bottle,0.2762865424156189
171375,data/raw/telegram_images\2025-06-25\tikvahpharma\171375.jpg,bottle,0.2744016647338867
171375,data/raw/telegram_images\2025-06-25\tikvahpharma\171375.jpg,dining table,0.25618451833724976
171415,data/raw/telegram_images\2025-06-25\tikvahpharma\171415.jpg,airplane,0.7786599397659302
171420,data/raw/telegram_images\2025-06-25\tikvahpharma\171420.jpg,bottle,0.7271953225135803
171420,data/raw/telegram_images\2025-06-25\tikvahpharma\171420.jpg,bottle,0.7232507467269897
171420,data/raw/telegram_images\2025-06-25\tikvahpharma\171420.jpg,bottle,0.688587486743927
171420,data/raw/telegram_images\2025-06-25\tikvahpharma\171420.jpg,bottle,0.5792950391769409
171420,data/raw/telegram_images\2025-06-25\tikvahpharma\171420.jpg,book,0.2702830135822296
18265,data/raw/telegram_images\2025-06-26\lobelia4cosmetics\18265.jpg,person,0.546491801738739
171461,data/raw/telegram_images\2025-06-26\tikvahpharma\171461.jpg,person,0.9012131094932556
171461,data/raw/telegram_images\2025-06-26\tikvahpharma\171461.jpg,person,0.7658035755157471
171461,data/raw/telegram_images\2025-06-26\tikvahpharma\171461.jpg,person,0.7249544262886047
171461,data/raw/telegram_images\2025-06-26\tikvahpharma\171461.jpg,person,0.6497585773468018
171461,data/raw/telegram_images\2025-06-26\tikvahpharma\171461.jpg,person,0.6487557888031006
171461,data/raw/telegram_images\2025-06-26\tikvahpharma\171461.jpg,person,0.6146662831306458
171461,data/raw/telegram_images\2025-06-26\tikvahpharma\171461.jpg,person,0.6024278402328491
171461,data/raw/telegram_images\2025-06-26\tikvahpharma\171461.jpg,person,0.5487346649169922
171461,data/raw/telegram_images\2025-06-26\tikvahpharma\171461.jpg,bottle,0.5381238460540771
171461,data/raw/telegram_images\2025-06-26\tikvahpharma\171461.jpg,person,0.5082100629806519
171461,data/raw/telegram_images\2025-06-26\tikvahpharma\171461.jpg,person,0.49513962864875793
171461,data/raw/telegram_images\2025-06-26\tikvahpharma\171461.jpg,person,0.44175994396209717
171461,data/raw/telegram_images\2025-06-26\tikvahpharma\171461.jpg,chair,0.3012997508049011
171461,data/raw/telegram_images\2025-06-26\tikvahpharma\171461.jpg,bottle,0.2580183446407318
171665,data/raw/telegram_images\2025-06-27\tikvahpharma\171665.jpg,person,0.8602191805839539
171665,data/raw/telegram_images\2025-06-27\tikvahpharma\171665.jpg,person,0.8554275035858154
171665,data/raw/telegram_images\2025-06-27\tikvahpharma\171665.jpg,person,0.634963870048523
171665,data/raw/telegram_images\2025-06-27\tikvahpharma\171665.jpg,person,0.6212612390518188
171665,data/raw/telegram_images\2025-06-27\tikvahpharma\171665.jpg,person,0.5238943696022034
18288,data/raw/telegram_images\2025-06-28\lobelia4cosmetics\18288.jpg,stop sign,0.3464035987854004
171704,data/raw/telegram_images\2025-06-28\tikvahpharma\171704.jpg,bird,0.4024740755558014
171722,data/raw/telegram_images\2025-06-29\tikvahpharma\171722.jpg,laptop,0.6579001545906067
171722,data/raw/telegram_images\2025-06-29\tikvahpharma\171722.jpg,tv,0.4649592638015747
171729,data/raw/telegram_images\2025-06-29\tikvahpharma\171729.jpg,person,0.861836850643158
171730,data/raw/telegram_images\2025-06-29\tikvahpharma\171730.jpg,person,0.8464560508728027
171732,data/raw/telegram_images\2025-06-30\tikvahpharma\171732.jpg,tv,0.819843053817749
171732,data/raw/telegram_images\2025-06-30\tikvahpharma\171732.jpg,cell phone,0.2595665752887726
171759,data/raw/telegram_images\2025-06-30\tikvahpharma\171759.jpg,chair,0.2536200284957886
171764,data/raw/telegram_images\2025-06-30\tikvahpharma\171764.jpg,person,0.9064989686012268
171764,data/raw/telegram_images\2025-06-30\tikvahpharma\171764.jpg,person,0.8644117116928101
171764,data/raw/telegram_images\2025-06-30\tikvahpharma\171764.jpg,person,0.8563331365585327
171764,data/raw/telegram_images\2025-06-30\tikvahpharma\171764.jpg,person,0.8313069343566895
171764,data/raw/telegram_images\2025-06-30\tikvahpharma\171764.jpg,person,0.6300643682479858
171764,data/raw/telegram_images\2025-06-30\tikvahpharma\171764.jpg,person,0.44390901923179626
171764,data/raw/telegram_images\2025-06-30\tikvahpharma\171764.jpg,cake,0.4075271785259247
171764,data/raw/telegram_images\2025-06-30\tikvahpharma\171764.jpg,person,0.3245166838169098
171764,data/raw/telegram_images\2025-06-30\tikvahpharma\171764.jpg,person,0.31447139382362366
171764,data/raw/telegram_images\2025-06-30\tikvahpharma\171764.jpg,cake,0.2849145233631134
52181,data/raw/telegram_images\2025-07-01\PharmacyHubEthiopia\52181.jpg,laptop,0.7526140809059143
52181,data/raw/telegram_images\2025-07-01\PharmacyHubEthiopia\52181.jpg,cell phone,0.39612263441085815
171785,data/raw/telegram_images\2025-07-01\tikvahpharma\171785.jpg,book,0.6075366139411926
171785,data/raw/telegram_images\2025-07-01\tikvahpharma\171785.jpg,book,0.530817985534668
171785,data/raw/telegram_images\2025-07-01\tikvahpharma\171785.jpg,book,0.38687005639076233
171787,data/raw/telegram_images\2025-07-01\tikvahpharma\171787.jpg,book,0.25846001505851746
171788,data/raw/telegram_images\2025-07-01\tikvahpharma\171788.jpg,kite,0.6413764953613281
171789,data/raw/telegram_images\2025-07-01\tikvahpharma\171789.jpg,kite,0.33799660205841064
171789,data/raw/telegram_images\2025-07-01\tikvahpharma\171789.jpg,book,0.2954773008823395
171790,data/raw/telegram_images\2025-07-01\tikvahpharma\171790.jpg,kite,0.5678399205207825
18333,data/raw/telegram_images\2025-07-02\lobelia4cosmetics\18333.jpg,bottle,0.5707804560661316
18348,data/raw/telegram_images\2025-07-02\lobelia4cosmetics\18348.jpg,bottle,0.42714253067970276
18348,data/raw/telegram_images\2025-07-02\lobelia4cosmetics\18348.jpg,tv,0.29556968808174133
18348,data/raw/telegram_images\2025-07-02\lobelia4cosmetics\18348.jpg,refrigerator,0.25787338614463806
52424,data/raw/telegram_images\2025-07-02\PharmacyHubEthiopia\52424.jpg,bicycle,0.6506724953651428
171797,data/raw/telegram_images\2025-07-02\tikvahpharma\171797.jpg,microwave,0.6721127033233643
171797,data/raw/telegram_images\2025-07-02\tikvahpharma\171797.jpg,cell phone,0.5044968128204346
171797,data/raw/telegram_images\2025-07-02\tikvahpharma\171797.jpg,tv,0.3797438144683838
171799,data/raw/telegram_images\2025-07-02\tikvahpharma\171799.jpg,refrigerator,0.28211161494255066
171822,data/raw/telegram_images\2025-07-02\tikvahpharma\171822.jpg,laptop,0.7545005083084106
18362,data/raw/telegram_images\2025-07-03\lobelia4cosmetics\18362.jpg,cell phone,0.5484049320220947
18363,data/raw/telegram_images\2025-07-03\lobelia4cosmetics\18363.jpg,book,0.2753816545009613
18364,data/raw/telegram_images\2025-07-03\lobelia4cosmetics\18364.jpg,refrigerator,0.3853355646133423
52580,data/raw/telegram_images\2025-07-03\PharmacyHubEthiopia\52580.jpg,microwave,0.25724852085113525
171834,data/raw/telegram_images\2025-07-03\tikvahpharma\171834.jpg,airplane,0.49007558822631836
171834,data/raw/telegram_images\2025-07-03\tikvahpharma\171834.jpg,refrigerator,0.30196210741996765
171834,data/raw/telegram_images\2025-07-03\tikvahpharma\171834.jpg,book,0.2971954047679901
171836,data/raw/telegram_images\2025-07-03\tikvahpharma\171836.jpg,tv,0.820120632648468
171836,data/raw/telegram_images\2025-07-03\tikvahpharma\171836.jpg,cell phone,0.25953409075737
171838,data/raw/telegram_images\2025-07-03\tikvahpharma\171838.jpg,person,0.6936755776405334
171838,data/raw/telegram_images\2025-07-03\tikvahpharma\171838.jpg,person,0.6448289155960083
171838,data/raw/telegram_images\2025-07-03\tikvahpharma\171838.jpg,person,0.5709238052368164
171838,data/raw/telegram_images\2025-07-03\tikvahpharma\171838.jpg,person,0.5153962969779968
171838,data/raw/telegram_images\2025-07-03\tikvahpharma\171838.jpg,person,0.4998558461666107
171838,data/raw/telegram_images\2025-07-03\tikvahpharma\171838.jpg,person,0.49123674631118774
171838,data/raw/telegram_images\2025-07-03\tikvahpharma\171838.jpg,person,0.3788081407546997
171838,data/raw/telegram_images\2025-07-03\tikvahpharma\171838.jpg,person,0.31039971113204956
171851,data/raw/telegram_images\2025-07-03\tikvahpharma\171851.jpg,bus,0.31062331795692444
171851,data/raw/telegram_images\2025-07-03\tikvahpharma\171851.jpg,truck,0.2685765027999878
171859,data/raw/telegram_images\2025-07-03\tikvahpharma\171859.jpg,bottle,0.7410563230514526
171859,data/raw/telegram_images\2025-07-03\tikvahpharma\171859.jpg,bottle,0.4021272361278534
171859,data/raw/telegram_images\2025-07-03\tikvahpharma\171859.jpg,refrigerator,0.30813804268836975
171863,data/raw/telegram_images\2025-07-03\tikvahpharma\171863.jpg,person,0.632744550704956
171863,data/raw/telegram_images\2025-07-03\tikvahpharma\171863.jpg,person,0.5794270038604736
171863,data/raw/telegram_images\2025-07-03\tikvahpharma\171863.jpg,person,0.4266848564147949
171875,data/raw/telegram_images\2025-07-04\tikvahpharma\171875.jpg,person,0.8606739044189453
171884,data/raw/telegram_images\2025-07-04\tikvahpharma\171884.jpg,tv,0.8230727910995483
171884,data/raw/telegram_images\2025-07-04\tikvahpharma\171884.jpg,cell phone,0.2848413586616516
171885,data/raw/telegram_images\2025-07-04\tikvahpharma\171885.jpg,cell phone,0.5579240322113037
171886,data/raw/telegram_images\2025-07-04\tikvahpharma\171886.jpg,cell phone,0.4843185842037201
171902,data/raw/telegram_images\2025-07-04\tikvahpharma\171902.jpg,remote,0.7706624269485474
171902,data/raw/telegram_images\2025-07-04\tikvahpharma\171902.jpg,book,0.47083592414855957
171904,data/raw/telegram_images\2025-07-04\tikvahpharma\171904.jpg,person,0.7500996589660645
18381,data/raw/telegram_images\2025-07-05\lobelia4cosmetics\18381.jpg,person,0.6306527853012085
18381,data/raw/telegram_images\2025-07-05\lobelia4cosmetics\18381.jpg,surfboard,0.37404242157936096
18389,data/raw/telegram_images\2025-07-05\lobelia4cosmetics\18389.jpg,bottle,0.9407609105110168
18389,data/raw/telegram_images\2025-07-05\lobelia4cosmetics\18389.jpg,bottle,0.40567681193351746
18390,data/raw/telegram_images\2025-07-05\lobelia4cosmetics\18390.jpg,bottle,0.9543538093566895
18390,data/raw/telegram_images\2025-07-05\lobelia4cosmetics\18390.jpg,bottle,0.347308486700058
18391,data/raw/telegram_images\2025-07-05\lobelia4cosmetics\18391.jpg,bottle,0.8416873812675476
18392,data/raw/telegram_images\2025-07-05\lobelia4cosmetics\18392.jpg,bottle,0.7361109256744385
18392,data/raw/telegram_images\2025-07-05\lobelia4cosmetics\18392.jpg,bottle,0.47003981471061707
18392,data/raw/telegram_images\2025-07-05\lobelia4cosmetics\18392.jpg,bottle,0.30750519037246704
18392,data/raw/telegram_images\2025-07-05\lobelia4cosmetics\18392.jpg,bottle,0.2992728054523468
18393,data/raw/telegram_images\2025-07-05\lobelia4cosmetics\18393.jpg,bottle,0.735706627368927
18393,data/raw/telegram_images\2025-07-05\lobelia4cosmetics\18393.jpg,bottle,0.43583735823631287
18393,data/raw/telegram_images\2025-07-05\lobelia4cosmetics\18393.jpg,bottle,0.42845964431762695
18393,data/raw/telegram_images\2025-07-05\lobelia4cosmetics\18393.jpg,bottle,0.41527533531188965
18393,data/raw/telegram_images\2025-07-05\lobelia4cosmetics\18393.jpg,bottle,0.3795345723628998
18395,data/raw/telegram_images\2025-07-05\lobelia4cosmetics\18395.jpg,bottle,0.9070143103599548
18396,data/raw/telegram_images\2025-07-05\lobelia4cosmetics\18396.jpg,bottle,0.2864685356616974
18397,data/raw/telegram_images\2025-07-05\lobelia4cosmetics\18397.jpg,bottle,0.3327355682849884
171920,data/raw/telegram_images\2025-07-05\tikvahpharma\171920.jpg,chair,0.8618543744087219
171920,data/raw/telegram_images\2025-07-05\tikvahpharma\171920.jpg,chair,0.526808500289917
171935,data/raw/telegram_images\2025-07-05\tikvahpharma\171935.jpg,person,0.6164031028747559
18407,data/raw/telegram_images\2025-07-06\lobelia4cosmetics\18407.jpg,bottle,0.6267699599266052
18409,data/raw/telegram_images\2025-07-06\lobelia4cosmetics\18409.jpg,bottle,0.43027976155281067
18409,data/raw/telegram_images\2025-07-06\lobelia4cosmetics\18409.jpg,bottle,0.2520691156387329
18410,data/raw/telegram_images\2025-07-06\lobelia4cosmetics\18410.jpg,refrigerator,0.4062062203884125
18420,data/raw/telegram_images\2025-07-06\lobelia4cosmetics\18420.jpg,bottle,0.8197527527809143
52834,data/raw/telegram_images\2025-07-06\PharmacyHubEthiopia\52834.jpg,laptop,0.7738004922866821
171960,data/raw/telegram_images\2025-07-06\tikvahpharma\171960.jpg,person,0.2510712444782257
172028,data/raw/telegram_images\2025-07-07\tikvahpharma\172028.jpg,person,0.855210542678833
172028,data/raw/telegram_images\2025-07-07\tikvahpharma\172028.jpg,person,0.8332002758979797
172028,data/raw/telegram_images\2025-07-07\tikvahpharma\172028.jpg,person,0.7832673788070679
172028,data/raw/telegram_images\2025-07-07\tikvahpharma\172028.jpg,person,0.7597214579582214
172028,data/raw/telegram_images\2025-07-07\tikvahpharma\172028.jpg,tv,0.7140864133834839
172028,data/raw/telegram_images\2025-07-07\tikvahpharma\172028.jpg,person,0.6599944233894348
172028,data/raw/telegram_images\2025-07-07\tikvahpharma\172028.jpg,person,0.5848760604858398
172028,data/raw/telegram_images\2025-07-07\tikvahpharma\172028.jpg,person,0.561405599117279
172028,data/raw/telegram_images\2025-07-07\tikvahpharma\172028.jpg,person,0.5558205246925354
172028,data/raw/telegram_images\2025-07-07\tikvahpharma\172028.jpg,person,0.44527581334114075
172028,data/raw/telegram_images\2025-07-07\tikvahpharma\172028.jpg,person,0.40365102887153625
172028,data/raw/telegram_images\2025-07-07\tikvahpharma\172028.jpg,person,0.3667653501033783
172028,data/raw/telegram_images\2025-07-07\tikvahpharma\172028.jpg,tv,0.35807928442955017
172028,data/raw/telegram_images\2025-07-07\tikvahpharma\172028.jpg,chair,0.2867589294910431
172028,data/raw/telegram_images\2025-07-07\tikvahpharma\172028.jpg,person,0.2862735986709595
172028,data/raw/telegram_images\2025-07-07\tikvahpharma\172028.jpg,remote,0.26776209473609924
172028,data/raw/telegram_images\2025-07-07\tikvahpharma\172028.jpg,person,0.2669081389904022
172029,data/raw/telegram_images\2025-07-07\tikvahpharma\172029.jpg,clock,0.7125869393348694
172029,data/raw/telegram_images\2025-07-07\tikvahpharma\172029.jpg,book,0.26131752133369446
172038,data/raw/telegram_images\2025-07-08\tikvahpharma\172038.jpg,tv,0.6193786859512329
172044,data/raw/telegram_images\2025-07-08\tikvahpharma\172044.jpg,chair,0.5647434592247009
172044,data/raw/telegram_images\2025-07-08\tikvahpharma\172044.jpg,suitcase,0.3434329330921173
172044,data/raw/telegram_images\2025-07-08\tikvahpharma\172044.jpg,tv,0.3374127149581909
172044,data/raw/telegram_images\2025-07-08\tikvahpharma\172044.jpg,airplane,0.2645599842071533
172057,data/raw/telegram_images\2025-07-08\tikvahpharma\172057.jpg,vase,0.529735803604126
172057,data/raw/telegram_images\2025-07-08\tikvahpharma\172057.jpg,vase,0.3174215257167816
172057,data/raw/telegram_images\2025-07-08\tikvahpharma\172057.jpg,vase,0.3157435655593872
172059,data/raw/telegram_images\2025-07-08\tikvahpharma\172059.jpg,person,0.8230719566345215
172059,data/raw/telegram_images\2025-07-08\tikvahpharma\172059.jpg,snowboard,0.25825273990631104
172067,data/raw/telegram_images\2025-07-08\tikvahpharma\172067.jpg,mouse,0.40336599946022034
172077,data/raw/telegram_images\2025-07-08\tikvahpharma\172077.jpg,person,0.8580023050308228
172077,data/raw/telegram_images\2025-07-08\tikvahpharma\172077.jpg,person,0.7146090865135193
172077,data/raw/telegram_images\2025-07-08\tikvahpharma\172077.jpg,person,0.5817902088165283
172077,data/raw/telegram_images\2025-07-08\tikvahpharma\172077.jpg,person,0.569369912147522
172077,data/raw/telegram_images\2025-07-08\tikvahpharma\172077.jpg,person,0.39223846793174744
172077,data/raw/telegram_images\2025-07-08\tikvahpharma\172077.jpg,cell phone,0.30757129192352295
172077,data/raw/telegram_images\2025-07-08\tikvahpharma\172077.jpg,person,0.2519993484020233
18475,data/raw/telegram_images\2025-07-09\lobelia4cosmetics\18475.jpg,person,0.557235598564148
172092,data/raw/telegram_images\2025-07-09\tikvahpharma\172092.jpg,remote,0.8464220762252808
